Shanghai;17.5
Dublin;18.8
Singapore;25.9
Amsterdam;44.4
Shanghai;26.9
Paris;32.7
Bangkok;31.9
Chicago;27.6
Sao Paulo;39.3
Istanbul;29.2
Tokyo;16.5
New York;26.0
Edinburgh;45.0
Istanbul;30.2
Sao Paulo;27.3
Zurich;40.9
Paris;38.8
Prague;19.6
Jakarta;25.7
Sydney;20.5
Seoul;22.0
Rome;41.8
Sydney;38.5
Singapore;21.2
Vancouver;38.8
Jakarta;43.8
Jakarta;21.1
Sydney;33.6
Dubai;35.3
Copenhagen;29.2
Dublin;40.3
Chicago;26.8
Karachi;38.7
Prague;27.0
Prague;32.6
Lagos;18.6
Shanghai;24.4
Jakarta;15.9
Athens;33.0
Athens;23.5
Delhi;36.9
Karachi;34.3
Manila;29.4
Berlin;35.8
Dublin;35.5
Toronto;18.2
Vienna;38.1
Toronto;23.4
Tokyo;42.7
Karachi;19.5
Boston;40.3
Mexico City;22.5
Dubai;20.0
Amsterdam;36.5
Athens;19.5
Vienna;39.2
Hong Kong;15.2
Singapore;22.5
Moscow;43.6
Zurich;32.1
Hong Kong;18.1
Boston;27.3
Brussels;34.2
Boston;40.2
Hong Kong;23.1
Vancouver;24.1
Amsterdam;36.4
Edinburgh;31.1
Madrid;28.3
Amsterdam;23.8
Boston;23.8
Istanbul;43.2
Dubai;16.2
New York;18.1
Shanghai;43.5
Lagos;28.6
Stockholm;40.4
Vienna;44.7
Paris;42.1
Shanghai;40.0
Karachi;18.5
Berlin;42.6
Budapest;22.1
Seoul;40.4
Istanbul;34.1
Budapest;15.7
Dubai;41.7
Cairo;37.4
Helsinki;41.8
London;43.2
San Francisco;22.7
Sydney;35.3
Toronto;18.9
San Francisco;26.0
Lagos;43.6
Chicago;22.8
Boston;23.5
Helsinki;30.7
Shanghai;20.7
Shanghai;37.8
Manila;30.2
Karachi;16.4
Shanghai;43.6
Sao Paulo;37.8
Prague;23.9
Bangkok;37.7
New York;27.5
Rome;43.2
Dubai;17.5
Vienna;27.4
Edinburgh;39.1
Berlin;24.2
Seoul;37.6
Shanghai;24.4
Lisbon;31.2
Dubai;28.9
Hong Kong;40.6
Sydney;39.7
Copenhagen;19.2
Vienna;44.5
Berlin;36.8
Shanghai;24.2
Sydney;18.5
Tokyo;24.4
Rome;37.0
Copenhagen;25.4
Rome;19.4
Oslo;44.0
San Francisco;41.6
Athens;43.9
Delhi;19.5
Jakarta;18.6
New York;43.1
Jakarta;43.7
Singapore;35.2
Tokyo;32.9
Rome;16.3
Sydney;31.0
Boston;22.4
Delhi;41.8
Mumbai;27.5
Vienna;21.4
Berlin;38.6
Manila;25.5
Seoul;24.3
Berlin;37.1
Rome;19.6
Dublin;44.5
Delhi;17.1
Chicago;36.7
Moscow;36.7
Hong Kong;40.4
Athens;42.1
Lagos;22.1
Bangkok;40.7
Vancouver;41.6
London;42.2
Cairo;25.5
Sydney;15.7
Jakarta;19.3
Bangkok;30.0
Vancouver;28.9
Dubai;16.1
Karachi;26.2
Sao Paulo;40.2
Dubai;22.7
Rome;34.5
Dublin;22.9
Edinburgh;31.9
Bangkok;39.2
Tokyo;33.8
Paris;41.1
Madrid;35.5
Manila;29.2
Manila;37.4
Dubai;19.2
San Francisco;26.3
Manila;38.5
Oslo;30.5
Lisbon;28.3
Istanbul;32.1
Paris;28.4
Mumbai;36.8
Sydney;41.5
Jakarta;21.7
Chicago;30.2
Budapest;37.3
London;28.7
Boston;27.9
Mexico City;29.5
Hong Kong;28.6
Oslo;20.1
Bangkok;34.7
Tokyo;41.0
Copenhagen;23.6
London;20.8
New York;34.1
Dubai;26.3
Copenhagen;32.5
Bangkok;44.5
Warsaw;28.7
Cairo;27.5
Oslo;17.4
San Francisco;35.1
Singapore;23.2
Tokyo;19.6
London;30.1
Dubai;23.1
Hong Kong;22.5
Edinburgh;29.4
Singapore;18.3
San Francisco;41.0
Copenhagen;39.5
Hong Kong;19.4
Mumbai;19.2
Tokyo;41.5
Singapore;20.0
Hong Kong;41.4
Rome;17.6
Hong Kong;35.7
Tokyo;43.0
Istanbul;43.6
Vancouver;40.0
Copenhagen;15.3
Chicago;30.0
Chicago;36.9
Istanbul;17.3
Budapest;34.9
Vienna;32.0
Shanghai;18.5
San Francisco;43.3
Brussels;34.8
New York;34.0
Chicago;35.4
Jakarta;16.1
Dublin;22.1
Prague;17.0
Mumbai;20.3
Delhi;40.9
Singapore;35.2
Moscow;33.7
Athens;16.1
Edinburgh;22.4
Madrid;41.8
Rome;44.4
Sydney;40.5
Seoul;41.3
Amsterdam;40.6
London;17.4
New York;35.7
Copenhagen;25.4
Dubai;31.9
Dubai;29.5
Berlin;28.5
San Francisco;22.8
Prague;42.0
Singapore;19.4
Lisbon;15.2
Berlin;33.6
Istanbul;19.8
New York;22.4
San Francisco;39.7
Vancouver;26.0
Istanbul;34.1
Copenhagen;35.5
Athens;26.6
Tokyo;39.8
Paris;34.7
Bangkok;33.2
Edinburgh;39.8
Boston;37.1
New York;24.9
Athens;44.6
Paris;18.5
San Francisco;42.5
Boston;30.3
Dubai;44.8
Cairo;33.3
Athens;38.6
Istanbul;32.3
Rome;21.6
San Francisco;24.1
Boston;22.0
Dubai;29.3
Athens;38.4
Paris;15.9
Toronto;38.7
Sao Paulo;26.5
Toronto;35.4
Lisbon;30.6
Sao Paulo;25.4
Zurich;36.1
Dublin;35.3
Oslo;21.9
Athens;24.3
Hong Kong;44.1
Moscow;44.1
Amsterdam;35.1
Warsaw;32.6
Madrid;33.2
Prague;30.1
San Francisco;20.2
Oslo;18.4
New York;36.5
Cairo;32.4
Singapore;23.6
Chicago;42.0
Dubai;23.8
Dublin;30.5
Mumbai;27.7
Chicago;20.8
Jakarta;40.7
Amsterdam;29.2
Budapest;31.8
Vienna;37.8
Toronto;35.7
Dubai;43.6
Athens;27.6
Edinburgh;34.3
Chicago;37.8
Prague;29.5
Amsterdam;36.0
Delhi;44.8
Oslo;22.7
Paris;37.3
Warsaw;16.6
Vancouver;34.2
London;44.2
Tokyo;43.1
Jakarta;35.3
Warsaw;24.8
Lagos;30.2
Seoul;25.5
Lagos;34.8
Dublin;22.7
Karachi;25.7
Helsinki;35.1
Karachi;35.5
Delhi;42.7
Berlin;37.0
Mumbai;32.7
Madrid;42.4
London;31.6
Edinburgh;32.3
Hong Kong;33.5
Tokyo;34.4
Budapest;39.5
Edinburgh;33.1
London;35.9
Shanghai;39.7
Cairo;27.4
Jakarta;41.8
Bangkok;21.1
Istanbul;20.8
Lisbon;28.9
Istanbul;31.0
Manila;39.9
Budapest;16.8
Seoul;19.9
Cairo;18.1
Dublin;41.8
Helsinki;21.6
Budapest;16.1
Vienna;18.9
Boston;44.8
Delhi;34.6
Vancouver;34.0
Warsaw;39.6
New York;31.6
Prague;36.5
Prague;18.0
Sao Paulo;37.3
Helsinki;27.1
Vancouver;25.5
Oslo;29.1
Shanghai;38.5
Zurich;23.5
Moscow;19.2
London;35.1
San Francisco;17.5
Copenhagen;41.2
Vancouver;41.2
New York;21.8
Oslo;30.2
Moscow;43.7
Seoul;16.9
Brussels;44.0
Stockholm;23.6
Athens;18.4
Hong Kong;28.9
San Francisco;33.2
Lisbon;26.7
Karachi;39.5
Brussels;28.2
Toronto;43.7
Seoul;27.0
Moscow;25.5
Seoul;15.9
Dubai;43.9
Lagos;41.2
Chicago;15.8
Delhi;40.1
Karachi;22.2
Delhi;15.0
Copenhagen;18.5
Paris;27.9
Lisbon;30.5
Mexico City;41.7
Brussels;35.3
Cairo;33.7
Singapore;42.6
Dubai;20.8
Stockholm;26.9
Berlin;26.6
Jakarta;34.6
Toronto;31.4
Vancouver;31.1
Sao Paulo;32.1
Zurich;24.8
Warsaw;27.1
Edinburgh;25.1
San Francisco;41.6
Istanbul;27.1
Stockholm;36.5
Stockholm;34.6
Mexico City;27.7
London;38.2
Hong Kong;18.5
Stockholm;38.5
Sao Paulo;16.4
Lagos;42.9
Zurich;16.5
Singapore;42.8
Helsinki;15.3
Stockholm;34.4
Helsinki;39.7
Madrid;38.0
Mexico City;25.0
Hong Kong;39.6
Manila;21.8
New York;26.4
Prague;36.0
Mumbai;17.3
Tokyo;25.6
Dublin;18.5
Singapore;29.1
Berlin;38.1
Mumbai;21.4
Seoul;23.7
Oslo;32.9
Oslo;23.1
Cairo;33.9
Mexico City;30.0
Brussels;23.8
Sao Paulo;38.9
San Francisco;35.8
Delhi;22.6
Boston;26.0
Mumbai;29.7
Istanbul;31.8
Karachi;29.6
Brussels;18.2
Mumbai;35.2
Zurich;27.0
Sydney;25.2
Moscow;39.0
Vienna;17.7
Vienna;25.0
Seoul;40.5
Tokyo;24.2
New York;28.4
Warsaw;23.0
Toronto;23.9
Lagos;16.8
Sao Paulo;44.6
Shanghai;39.3
Oslo;36.2
Cairo;40.9
Chicago;26.2
Singapore;38.2
Cairo;23.5
Madrid;24.0
Vienna;17.4
Amsterdam;35.6
Berlin;16.5
Sao Paulo;16.2
Sydney;27.2
Sydney;20.4
Lagos;38.6
Toronto;40.4
Boston;19.7
Toronto;31.7
Manila;36.5
Amsterdam;22.3
Brussels;18.4
Bangkok;26.0
Brussels;38.5
Edinburgh;16.2
Brussels;34.4
Boston;24.5
